-- phpMyAdmin SQL Dump
-- version 5.0.2
-- https://www.phpmyadmin.net/
--
-- Host: 127.0.0.1
-- Generation Time: Nov 09, 2022 at 08:27 PM
-- Server version: 10.4.14-MariaDB
-- PHP Version: 7.4.10

SET SQL_MODE = "NO_AUTO_VALUE_ON_ZERO";
START TRANSACTION;
SET time_zone = "+00:00";


/*!40101 SET @OLD_CHARACTER_SET_CLIENT=@@CHARACTER_SET_CLIENT */;
/*!40101 SET @OLD_CHARACTER_SET_RESULTS=@@CHARACTER_SET_RESULTS */;
/*!40101 SET @OLD_COLLATION_CONNECTION=@@COLLATION_CONNECTION */;
/*!40101 SET NAMES utf8mb4 */;

--
-- Database: `spkwp`
--

-- --------------------------------------------------------

--
-- Table structure for table `alternatif`
--

CREATE TABLE `alternatif` (
  `id_siswa` int(11) NOT NULL,
  `id_kriteria` int(11) NOT NULL,
  `nilai` decimal(4,2) DEFAULT NULL
) ENGINE=InnoDB DEFAULT CHARSET=utf8mb4;

--
-- Dumping data for table `alternatif`
--

INSERT INTO `alternatif` (`id_siswa`, `id_kriteria`, `nilai`) VALUES
(1, 1, '83.31'),
(1, 2, '4.00'),
(1, 3, '2.00'),
(1, 4, '1.00'),
(2, 1, '83.94'),
(2, 2, '3.00'),
(2, 3, '1.00'),
(2, 4, '1.00'),
(3, 1, '83.61'),
(3, 2, '4.00'),
(3, 3, '2.00'),
(3, 4, '1.00'),
(4, 1, '83.63'),
(4, 2, '4.00'),
(4, 3, '1.00'),
(4, 4, '1.00'),
(5, 1, '83.60'),
(5, 2, '3.00'),
(5, 3, '2.00'),
(5, 4, '1.00'),
(6, 1, '81.30'),
(6, 2, '4.00'),
(6, 3, '2.00'),
(6, 4, '1.00'),
(7, 1, '81.30'),
(7, 2, '3.00'),
(7, 3, '2.00'),
(7, 4, '1.00'),
(8, 1, '83.94'),
(8, 2, '4.00'),
(8, 3, '2.00'),
(8, 4, '1.00'),
(9, 1, '82.79'),
(9, 2, '4.00'),
(9, 3, '1.00'),
(9, 4, '1.00'),
(10, 1, '83.36'),
(10, 2, '4.00'),
(10, 3, '2.00'),
(10, 4, '1.00'),
(11, 1, '83.94'),
(11, 2, '3.00'),
(11, 3, '2.00'),
(11, 4, '1.00'),
(12, 1, '83.64'),
(12, 2, '4.00'),
(12, 3, '2.00'),
(12, 4, '1.00'),
(13, 1, '83.13'),
(13, 2, '3.00'),
(13, 3, '2.00'),
(13, 4, '1.00'),
(14, 1, '83.36'),
(14, 2, '4.00'),
(14, 3, '2.00'),
(14, 4, '1.00'),
(15, 1, '83.90'),
(15, 2, '4.00'),
(15, 3, '2.00'),
(15, 4, '1.00'),
(16, 1, '83.33'),
(16, 2, '3.00'),
(16, 3, '2.00'),
(16, 4, '1.00'),
(17, 1, '83.25'),
(17, 2, '4.00'),
(17, 3, '2.00'),
(17, 4, '1.00'),
(18, 1, '84.97'),
(18, 2, '4.00'),
(18, 3, '2.00'),
(18, 4, '1.00'),
(19, 1, '87.49'),
(19, 2, '4.00'),
(19, 3, '2.00'),
(19, 4, '1.00'),
(20, 1, '87.86'),
(20, 2, '3.00'),
(20, 3, '2.00'),
(20, 4, '2.00'),
(21, 1, '83.90'),
(21, 2, '4.00'),
(21, 3, '2.00'),
(21, 4, '1.00'),
(22, 1, '85.08'),
(22, 2, '4.00'),
(22, 3, '2.00'),
(22, 4, '1.00'),
(23, 1, '83.07'),
(23, 2, '4.00'),
(23, 3, '2.00'),
(23, 4, '1.00'),
(24, 1, '84.33'),
(24, 2, '4.00'),
(24, 3, '2.00'),
(24, 4, '1.00'),
(25, 1, '81.11'),
(25, 2, '3.00'),
(25, 3, '2.00'),
(25, 4, '1.00'),
(26, 1, '80.57'),
(26, 2, '3.00'),
(26, 3, '2.00'),
(26, 4, '1.00'),
(27, 1, '82.06'),
(27, 2, '3.00'),
(27, 3, '2.00'),
(27, 4, '1.00'),
(28, 1, '81.79'),
(28, 2, '3.00'),
(28, 3, '2.00'),
(28, 4, '1.00'),
(29, 1, '85.14'),
(29, 2, '4.00'),
(29, 3, '2.00'),
(29, 4, '1.00'),
(30, 1, '81.41'),
(30, 2, '3.00'),
(30, 3, '2.00'),
(30, 4, '1.00'),
(31, 1, '82.12'),
(31, 2, '3.00'),
(31, 3, '2.00'),
(31, 4, '1.00'),
(32, 1, '83.22'),
(32, 2, '4.00'),
(32, 3, '2.00'),
(32, 4, '1.00'),
(33, 1, '82.33'),
(33, 2, '4.00'),
(33, 3, '2.00'),
(33, 4, '1.00'),
(34, 1, '81.65'),
(34, 2, '3.00'),
(34, 3, '2.00'),
(34, 4, '1.00'),
(35, 1, '85.53'),
(35, 2, '4.00'),
(35, 3, '2.00'),
(35, 4, '1.00'),
(36, 1, '83.98'),
(36, 2, '4.00'),
(36, 3, '2.00'),
(36, 4, '1.00'),
(37, 1, '80.51'),
(37, 2, '3.00'),
(37, 3, '2.00'),
(37, 4, '1.00'),
(38, 1, '85.70'),
(38, 2, '4.00'),
(38, 3, '2.00'),
(38, 4, '1.00'),
(41, 1, '80.21'),
(41, 2, '4.00'),
(41, 3, '2.00'),
(41, 4, '1.00'),
(42, 1, '80.64'),
(42, 2, '4.00'),
(42, 3, '2.00'),
(42, 4, '1.00'),
(43, 1, '78.45'),
(43, 2, '4.00'),
(43, 3, '2.00'),
(43, 4, '1.00'),
(44, 1, '80.07'),
(44, 2, '3.00'),
(44, 3, '2.00'),
(44, 4, '1.00'),
(45, 1, '83.73'),
(45, 2, '3.00'),
(45, 3, '2.00'),
(45, 4, '1.00'),
(46, 1, '80.84'),
(46, 2, '3.00'),
(46, 3, '2.00'),
(46, 4, '1.00'),
(47, 1, '81.80'),
(47, 2, '3.00'),
(47, 3, '2.00'),
(47, 4, '1.00'),
(48, 1, '80.72'),
(48, 2, '3.00'),
(48, 3, '2.00'),
(48, 4, '1.00'),
(49, 1, '82.75'),
(49, 2, '3.00'),
(49, 3, '2.00'),
(49, 4, '1.00'),
(50, 1, '80.80'),
(50, 2, '3.00'),
(50, 3, '2.00'),
(50, 4, '1.00'),
(51, 1, '79.98'),
(51, 2, '3.00'),
(51, 3, '2.00'),
(51, 4, '1.00'),
(52, 1, '83.29'),
(52, 2, '3.00'),
(52, 3, '2.00'),
(52, 4, '1.00'),
(53, 1, '82.06'),
(53, 2, '3.00'),
(53, 3, '2.00'),
(53, 4, '1.00'),
(54, 1, '81.98'),
(54, 2, '3.00'),
(54, 3, '2.00'),
(54, 4, '1.00'),
(55, 1, '80.78'),
(55, 2, '4.00'),
(55, 3, '2.00'),
(55, 4, '1.00'),
(56, 1, '83.19'),
(56, 2, '3.00'),
(56, 3, '2.00'),
(56, 4, '1.00'),
(57, 1, '81.63'),
(57, 2, '4.00'),
(57, 3, '2.00'),
(57, 4, '1.00'),
(58, 1, '80.33'),
(58, 2, '4.00'),
(58, 3, '2.00'),
(58, 4, '1.00'),
(59, 1, '79.56'),
(59, 2, '3.00'),
(59, 3, '2.00'),
(59, 4, '1.00'),
(60, 1, '80.95'),
(60, 2, '3.00'),
(60, 3, '2.00'),
(60, 4, '1.00'),
(61, 1, '83.49'),
(61, 2, '3.00'),
(61, 3, '2.00'),
(61, 4, '1.00'),
(62, 1, '84.32'),
(62, 2, '3.00'),
(62, 3, '2.00'),
(62, 4, '1.00'),
(63, 1, '84.29'),
(63, 2, '4.00'),
(63, 3, '2.00'),
(63, 4, '1.00'),
(64, 1, '82.49'),
(64, 2, '4.00'),
(64, 3, '2.00'),
(64, 4, '1.00'),
(65, 1, '86.98'),
(65, 2, '4.00'),
(65, 3, '2.00'),
(65, 4, '2.00'),
(66, 1, '82.50'),
(66, 2, '4.00'),
(66, 3, '2.00'),
(66, 4, '1.00'),
(67, 1, '84.79'),
(67, 2, '4.00'),
(67, 3, '2.00'),
(67, 4, '1.00'),
(68, 1, '80.53'),
(68, 2, '3.00'),
(68, 3, '2.00'),
(68, 4, '1.00'),
(69, 1, '84.97'),
(69, 2, '3.00'),
(69, 3, '2.00'),
(69, 4, '1.00'),
(70, 1, '81.95'),
(70, 2, '3.00'),
(70, 3, '2.00'),
(70, 4, '1.00'),
(71, 1, '82.89'),
(71, 2, '4.00'),
(71, 3, '2.00'),
(71, 4, '2.00'),
(73, 1, '86.70'),
(73, 2, '4.00'),
(73, 3, '2.00'),
(73, 4, '1.00'),
(74, 1, '74.00'),
(74, 2, '3.00'),
(74, 3, '2.00'),
(74, 4, '1.00'),
(75, 1, '81.49'),
(75, 2, '4.00'),
(75, 3, '2.00'),
(75, 4, '1.00'),
(76, 1, '83.46'),
(76, 2, '3.00'),
(76, 3, '2.00'),
(76, 4, '1.00'),
(77, 1, '83.74'),
(77, 2, '4.00'),
(77, 3, '2.00'),
(77, 4, '1.00'),
(78, 1, '87.63'),
(78, 2, '4.00'),
(78, 3, '2.00'),
(78, 4, '1.00'),
(79, 1, '85.41'),
(79, 2, '4.00'),
(79, 3, '2.00'),
(79, 4, '1.00'),
(80, 1, '79.32'),
(80, 2, '3.00'),
(80, 3, '2.00'),
(80, 4, '1.00'),
(81, 1, '80.15'),
(81, 2, '4.00'),
(81, 3, '2.00'),
(81, 4, '1.00'),
(82, 1, '84.00'),
(82, 2, '4.00'),
(82, 3, '2.00'),
(82, 4, '1.00'),
(83, 1, '82.99'),
(83, 2, '4.00'),
(83, 3, '2.00'),
(83, 4, '1.00'),
(84, 1, '82.99'),
(84, 2, '3.00'),
(84, 3, '2.00'),
(84, 4, '1.00'),
(85, 1, '87.10'),
(85, 2, '4.00'),
(85, 3, '2.00'),
(85, 4, '1.00'),
(86, 1, '85.44'),
(86, 2, '4.00'),
(86, 3, '2.00'),
(86, 4, '1.00'),
(87, 1, '86.66'),
(87, 2, '4.00'),
(87, 3, '2.00'),
(87, 4, '1.00'),
(88, 1, '83.95'),
(88, 2, '4.00'),
(88, 3, '2.00'),
(88, 4, '1.00'),
(89, 1, '82.89'),
(89, 2, '4.00'),
(89, 3, '2.00'),
(89, 4, '1.00'),
(90, 1, '85.41'),
(90, 2, '3.00'),
(90, 3, '2.00'),
(90, 4, '1.00'),
(91, 1, '4.00'),
(91, 2, '4.00'),
(91, 3, '2.00'),
(91, 4, '1.00'),
(92, 1, '87.50'),
(92, 2, '4.00'),
(92, 3, '2.00'),
(92, 4, '1.00'),
(93, 1, '83.00'),
(93, 2, '4.00'),
(93, 3, '2.00'),
(93, 4, '1.00'),
(94, 1, '87.46'),
(94, 2, '4.00'),
(94, 3, '2.00'),
(94, 4, '1.00'),
(95, 1, '83.52'),
(95, 2, '4.00'),
(95, 3, '2.00'),
(95, 4, '1.00'),
(96, 1, '86.54'),
(96, 2, '3.00'),
(96, 3, '2.00'),
(96, 4, '1.00'),
(97, 1, '82.00'),
(97, 2, '4.00'),
(97, 3, '2.00'),
(97, 4, '1.00'),
(98, 1, '84.12'),
(98, 2, '3.00'),
(98, 3, '2.00'),
(98, 4, '1.00'),
(99, 1, '87.23'),
(99, 2, '4.00'),
(99, 3, '2.00'),
(99, 4, '1.00'),
(100, 1, '85.84'),
(100, 2, '3.00'),
(100, 3, '2.00'),
(100, 4, '1.00'),
(101, 1, '87.75'),
(101, 2, '4.00'),
(101, 3, '2.00'),
(101, 4, '1.00'),
(102, 1, '83.07'),
(102, 2, '4.00'),
(102, 3, '2.00'),
(102, 4, '1.00'),
(103, 1, '83.09'),
(103, 2, '4.00'),
(103, 3, '2.00'),
(103, 4, '1.00'),
(104, 1, '83.55'),
(104, 2, '4.00'),
(104, 3, '2.00'),
(104, 4, '1.00'),
(105, 1, '84.07'),
(105, 2, '4.00'),
(105, 3, '2.00'),
(105, 4, '1.00'),
(106, 1, '83.27'),
(106, 2, '3.00'),
(106, 3, '2.00'),
(106, 4, '1.00'),
(107, 1, '83.27'),
(107, 2, '4.00'),
(107, 3, '2.00'),
(107, 4, '1.00'),
(108, 1, '87.28'),
(108, 2, '4.00'),
(108, 3, '2.00'),
(108, 4, '1.00'),
(109, 1, '80.14'),
(109, 2, '3.00'),
(109, 3, '2.00'),
(109, 4, '1.00'),
(110, 1, '83.85'),
(110, 2, '3.00'),
(110, 3, '2.00'),
(110, 4, '1.00'),
(111, 1, '83.75'),
(111, 2, '4.00'),
(111, 3, '2.00'),
(111, 4, '1.00'),
(112, 1, '84.10'),
(112, 2, '3.00'),
(112, 3, '2.00'),
(112, 4, '1.00'),
(113, 1, '82.16'),
(113, 2, '3.00'),
(113, 3, '2.00'),
(113, 4, '1.00'),
(114, 1, '80.43'),
(114, 2, '3.00'),
(114, 3, '2.00'),
(114, 4, '1.00'),
(115, 1, '82.04'),
(115, 2, '3.00'),
(115, 3, '2.00'),
(115, 4, '1.00'),
(116, 1, '83.32'),
(116, 2, '4.00'),
(116, 3, '2.00'),
(116, 4, '2.00'),
(117, 1, '84.87'),
(117, 2, '4.00'),
(117, 3, '2.00'),
(117, 4, '1.00'),
(118, 1, '84.44'),
(118, 2, '3.00'),
(118, 3, '2.00'),
(118, 4, '1.00'),
(119, 1, '84.51'),
(119, 2, '4.00'),
(119, 3, '2.00'),
(119, 4, '1.00'),
(120, 1, '82.44'),
(120, 2, '4.00'),
(120, 3, '2.00'),
(120, 4, '1.00'),
(121, 1, '88.69'),
(121, 2, '3.00'),
(121, 3, '2.00'),
(121, 4, '1.00'),
(122, 1, '84.50'),
(122, 2, '4.00'),
(122, 3, '2.00'),
(122, 4, '1.00'),
(123, 1, '82.29'),
(123, 2, '4.00'),
(123, 3, '2.00'),
(123, 4, '1.00'),
(124, 1, '82.90'),
(124, 2, '4.00'),
(124, 3, '2.00'),
(124, 4, '1.00'),
(125, 1, '84.05'),
(125, 2, '4.00'),
(125, 3, '2.00'),
(125, 4, '1.00'),
(126, 1, '84.77'),
(126, 2, '4.00'),
(126, 3, '2.00'),
(126, 4, '1.00'),
(127, 1, '81.51'),
(127, 2, '3.00'),
(127, 3, '2.00'),
(127, 4, '1.00'),
(128, 1, '82.82'),
(128, 2, '4.00'),
(128, 3, '2.00'),
(128, 4, '1.00'),
(129, 1, '84.70'),
(129, 2, '4.00'),
(129, 3, '2.00'),
(129, 4, '1.00'),
(130, 1, '84.86'),
(130, 2, '4.00'),
(130, 3, '2.00'),
(130, 4, '2.00'),
(131, 1, '84.79'),
(131, 2, '3.00'),
(131, 3, '2.00'),
(131, 4, '1.00'),
(132, 1, '83.40'),
(132, 2, '3.00'),
(132, 3, '2.00'),
(132, 4, '1.00'),
(133, 1, '81.51'),
(133, 2, '3.00'),
(133, 3, '2.00'),
(133, 4, '1.00'),
(134, 1, '81.24'),
(134, 2, '3.00'),
(134, 3, '2.00'),
(134, 4, '1.00'),
(135, 1, '82.49'),
(135, 2, '3.00'),
(135, 3, '2.00'),
(135, 4, '1.00'),
(137, 1, '83.41'),
(137, 2, '3.00'),
(137, 3, '2.00'),
(137, 4, '1.00'),
(138, 1, '84.60'),
(138, 2, '4.00'),
(138, 3, '2.00'),
(138, 4, '1.00');

-- --------------------------------------------------------

--
-- Table structure for table `kriteria`
--

CREATE TABLE `kriteria` (
  `id` int(11) NOT NULL,
  `nama` varchar(40) DEFAULT NULL,
  `nilai` decimal(2,1) NOT NULL
) ENGINE=InnoDB DEFAULT CHARSET=latin1;

--
-- Dumping data for table `kriteria`
--

INSERT INTO `kriteria` (`id`, `nama`, `nilai`) VALUES
(1, 'Nilai', '5.0'),
(2, 'Kehadiran', '1.0'),
(3, 'Sikap', '2.0'),
(4, 'Prestasi', '2.0');

-- --------------------------------------------------------

--
-- Table structure for table `siswa`
--

CREATE TABLE `siswa` (
  `id` int(11) NOT NULL,
  `nisn` int(10) DEFAULT NULL,
  `nama` varchar(40) NOT NULL,
  `nama_panggilan` varchar(10) DEFAULT NULL,
  `jk` enum('Laki-laki','Perempuan') NOT NULL,
  `tanggal_lahir` datetime DEFAULT NULL,
  `alamat` text DEFAULT NULL,
  `kelas` enum('Kelas 1','Kelas 2','Kelas 3','Kelas 4','Kelas 5','Kelas 6') DEFAULT NULL
) ENGINE=InnoDB DEFAULT CHARSET=latin1;

--
-- Dumping data for table `siswa`
--

INSERT INTO `siswa` (`id`, `nisn`, `nama`, `nama_panggilan`, `jk`, `tanggal_lahir`, `alamat`, `kelas`) VALUES
(1, 145044763, 'Adinda Meisya Putri', 'Dinda', 'Perempuan', '2014-05-06 00:00:00', 'Mayungan Potorono Banguntapan Bantul', 'Kelas 1'),
(2, 142897493, 'Afika Anim Mahadi', 'Afika', 'Perempuan', '2014-09-20 00:00:00', 'Salakan Potorono Banguntapan Bantul', 'Kelas 1'),
(3, NULL, 'Arfan Muhammad Zaqi', 'Arfan', 'Laki-laki', '2014-01-08 00:00:00', 'salakan potorono banguntapan', 'Kelas 1'),
(4, NULL, 'Aulia Salma Abranjiah', 'Aulia', 'Perempuan', '2014-08-03 00:00:00', NULL, 'Kelas 1'),
(5, NULL, 'Cahyadi Kusuma', 'Cahyadi', 'Laki-laki', '2014-12-17 00:00:00', NULL, 'Kelas 1'),
(6, NULL, 'Devita Ayuningtyas', 'Ayu', 'Laki-laki', '2014-07-30 00:00:00', NULL, 'Kelas 1'),
(7, NULL, 'Deya Safira Sari', 'Deya', 'Perempuan', '2014-09-17 00:00:00', NULL, 'Kelas 1'),
(8, NULL, 'Fabiandi Abrizan Murti', 'Bian', 'Laki-laki', '2014-08-27 00:00:00', NULL, 'Kelas 1'),
(9, NULL, 'Fabiano Ryan Pratama', 'Fabiano', 'Laki-laki', '2015-02-27 00:00:00', NULL, 'Kelas 1'),
(10, NULL, 'Fadhil Eka Nugraha', 'Fadhil', 'Laki-laki', '2014-08-14 00:00:00', NULL, 'Kelas 1'),
(11, NULL, 'Moh Akbar Salim', 'Akbar', 'Laki-laki', '2011-09-21 00:00:00', NULL, 'Kelas 1'),
(12, NULL, 'Najwa Khaira Wilda Pamukir', 'Najwa', 'Perempuan', '2014-08-09 00:00:00', NULL, 'Kelas 1'),
(13, NULL, 'Ramadhan Ahnaf Julyan', 'Ahnaf', 'Laki-laki', '2014-07-13 00:00:00', NULL, 'Kelas 1'),
(14, NULL, 'Septian Nugroho', 'Tian', 'Laki-laki', '2014-09-20 00:00:00', NULL, 'Kelas 1'),
(15, NULL, 'Vino Agha Cirrillo', 'Agha', 'Laki-laki', '2015-01-14 00:00:00', NULL, 'Kelas 1'),
(16, NULL, 'Wisnu Ade Farozi', 'Wisnu', 'Laki-laki', '2014-11-17 00:00:00', NULL, 'Kelas 1'),
(17, NULL, 'Ghafara Raizan Tri Pamungkas', 'Raizan', 'Laki-laki', '2015-03-22 00:00:00', NULL, 'Kelas 1'),
(18, NULL, 'Afan Maulana Bintar', NULL, 'Laki-laki', NULL, NULL, 'Kelas 3'),
(19, NULL, 'Ailsa Paramesti', NULL, 'Perempuan', NULL, NULL, 'Kelas 3'),
(20, NULL, 'Akbar Ali Al Kautsar', NULL, 'Laki-laki', NULL, NULL, 'Kelas 3'),
(21, NULL, 'Anindya Avara Chandra Azizah', NULL, 'Perempuan', NULL, NULL, 'Kelas 3'),
(22, NULL, 'Az Zahra Amira Nabila Nur Azizah', NULL, 'Perempuan', NULL, NULL, 'Kelas 3'),
(23, NULL, 'Bintang Firmansyah', NULL, 'Laki-laki', NULL, NULL, 'Kelas 3'),
(24, NULL, 'Briliyan Eza Prasojo', NULL, 'Laki-laki', NULL, NULL, 'Kelas 3'),
(25, NULL, 'Devara Aulia Kusuma Dewi Damika', NULL, 'Laki-laki', NULL, NULL, 'Kelas 3'),
(26, NULL, 'Dewi Kusuma Wardhani', NULL, 'Perempuan', NULL, NULL, 'Kelas 3'),
(27, NULL, 'Dinda Nur Hidayah', NULL, 'Perempuan', NULL, NULL, 'Kelas 3'),
(28, NULL, 'Dyah Ayu Mesysha Sari', NULL, 'Perempuan', NULL, NULL, 'Kelas 3'),
(29, NULL, 'Elang Satria Dirgantara', NULL, 'Laki-laki', NULL, NULL, 'Kelas 3'),
(30, NULL, 'Fiola Dina Putri Pratiwi', NULL, 'Perempuan', NULL, NULL, 'Kelas 3'),
(31, NULL, 'Gladiz Ayung Permatasari', NULL, 'Perempuan', NULL, NULL, 'Kelas 3'),
(32, NULL, 'Lasma Ramadani', NULL, 'Perempuan', NULL, NULL, 'Kelas 3'),
(33, NULL, 'Lofanee Azumi Zalycha', NULL, 'Perempuan', NULL, NULL, 'Kelas 3'),
(34, NULL, 'Muhammad Ridwan Ibnu Nasuha', NULL, 'Laki-laki', NULL, NULL, 'Kelas 3'),
(35, NULL, 'Muhammad Rizki Khairusyifa', NULL, 'Laki-laki', NULL, NULL, 'Kelas 3'),
(36, NULL, 'Nafia Alya Yasmin', NULL, 'Perempuan', NULL, NULL, 'Kelas 3'),
(37, NULL, 'Pedro Ardana Dwi Putra', NULL, 'Laki-laki', NULL, NULL, 'Kelas 3'),
(38, NULL, 'Permata Putri Tabarus', NULL, 'Laki-laki', NULL, NULL, 'Kelas 3'),
(41, NULL, 'Adnan Zain Maulana', NULL, 'Laki-laki', NULL, NULL, 'Kelas 4'),
(42, NULL, 'Aji Ardiyanto', NULL, 'Laki-laki', NULL, NULL, 'Kelas 4'),
(43, NULL, 'Brian Kusuma', NULL, 'Laki-laki', NULL, NULL, 'Kelas 4'),
(44, NULL, 'Cahya Putra Krisnandi', NULL, 'Laki-laki', NULL, NULL, 'Kelas 4'),
(45, NULL, 'Chesya Tri Ramadhani', NULL, 'Perempuan', NULL, NULL, 'Kelas 4'),
(46, NULL, 'Citra Widi Astuti', NULL, 'Perempuan', NULL, NULL, 'Kelas 4'),
(47, NULL, 'Earlyta Shafa Anada', NULL, 'Perempuan', NULL, NULL, 'Kelas 4'),
(48, NULL, 'Fadil Styabudi', NULL, 'Laki-laki', NULL, NULL, 'Kelas 4'),
(49, NULL, 'Fazila Zahra Rama Sabrina', NULL, 'Laki-laki', NULL, NULL, 'Kelas 4'),
(50, NULL, 'Febiano Andhika Putra Pratama', NULL, 'Laki-laki', NULL, NULL, 'Kelas 4'),
(51, NULL, 'Muhammad Ayada Rino Pratama', NULL, 'Laki-laki', NULL, NULL, 'Kelas 4'),
(52, NULL, 'Nabila Sasih Ramadhani', NULL, 'Perempuan', NULL, NULL, 'Kelas 4'),
(53, NULL, 'Naila Putri Zahara', NULL, 'Perempuan', NULL, NULL, 'Kelas 4'),
(54, NULL, 'Naufa Arzaki Ahmad', NULL, 'Laki-laki', NULL, NULL, 'Kelas 4'),
(55, NULL, 'Rashin Zahran Sajid', NULL, 'Laki-laki', NULL, NULL, 'Kelas 4'),
(56, NULL, 'Syifa Fauzia Albani', NULL, 'Perempuan', NULL, NULL, 'Kelas 4'),
(57, NULL, 'Zulfanida Tri Nur Agustin', NULL, 'Perempuan', NULL, NULL, 'Kelas 4'),
(58, NULL, 'Surya Saputra Ferdiansah', NULL, 'Laki-laki', NULL, NULL, 'Kelas 4'),
(59, NULL, 'Bagus Aji Pangestu', NULL, 'Laki-laki', NULL, NULL, 'Kelas 4'),
(60, NULL, 'Celvin Reihan Abimanya', NULL, 'Laki-laki', NULL, NULL, 'Kelas 4'),
(61, NULL, 'Kenzie Adhikari Wistaara', NULL, 'Laki-laki', NULL, NULL, 'Kelas 4'),
(62, NULL, 'Ais Raihana Ghayatul Muna', NULL, 'Perempuan', NULL, NULL, 'Kelas 4'),
(63, NULL, 'Adinda Putri Ramadhani', 'Dinda', 'Perempuan', NULL, NULL, 'Kelas 5'),
(64, NULL, 'Adistya Syakha Putri', 'Syakha', 'Perempuan', NULL, NULL, 'Kelas 5'),
(65, NULL, 'Alinda Dea Nursaputri', 'Dea', 'Perempuan', NULL, NULL, 'Kelas 5'),
(66, NULL, 'Ardianto', 'Ardi', 'Laki-laki', NULL, NULL, 'Kelas 5'),
(67, NULL, 'Ayu Dyah Pratiwi', 'Ayu', 'Perempuan', NULL, NULL, 'Kelas 5'),
(68, NULL, 'Ayu Eka Dwi Patma Wati', 'Eka', 'Perempuan', NULL, NULL, 'Kelas 5'),
(69, NULL, 'Azka Ainni Julietta', 'Azka', 'Laki-laki', NULL, NULL, 'Kelas 5'),
(70, NULL, 'Belva Nashita Elysia', 'Belva', 'Perempuan', NULL, NULL, 'Kelas 5'),
(71, NULL, 'Caesar Paskha Putra Yosa', 'Yosa', 'Laki-laki', NULL, NULL, 'Kelas 5'),
(73, NULL, 'Difta Aurora Putri Ramadhani', 'Tata', 'Perempuan', NULL, NULL, 'Kelas 5'),
(74, NULL, 'Erlinda Rizki Widiantari Qonitah ', 'Linda', 'Perempuan', NULL, NULL, 'Kelas 5'),
(75, NULL, 'Farhan Andrea Wijaya', 'Farhan', 'Laki-laki', NULL, NULL, 'Kelas 5'),
(76, NULL, 'Fathan Abdul Naafi', 'Fathan', 'Laki-laki', NULL, NULL, 'Kelas 5'),
(77, NULL, 'Fauzan Billal Faturahman', 'Fauzan', 'Laki-laki', NULL, NULL, 'Kelas 5'),
(78, NULL, 'Karina Puspitasari', 'Karina', 'Perempuan', NULL, NULL, 'Kelas 5'),
(79, NULL, 'Kirana Ajeng Damarjati', 'Ajeng', 'Perempuan', NULL, NULL, 'Kelas 5'),
(80, NULL, 'Maritza Sabiya Nalani', 'Maritza', 'Perempuan', NULL, NULL, 'Kelas 5'),
(81, NULL, 'Meisya Candra Dewi', 'Meisya', 'Perempuan', NULL, NULL, 'Kelas 5'),
(82, NULL, 'Nafisha Ayudya Arisakdi', 'Nafisha', 'Perempuan', NULL, NULL, 'Kelas 5'),
(83, NULL, 'Nola Aruan', 'Nola', 'Laki-laki', NULL, NULL, 'Kelas 5'),
(84, NULL, 'Rafan Hanif Alfarizi', 'Rafan', 'Laki-laki', NULL, NULL, 'Kelas 5'),
(85, NULL, 'Rafif Azhallah Ramadhan', 'Rafif', 'Laki-laki', NULL, NULL, 'Kelas 5'),
(86, NULL, 'Rayhan Daffa Setyawan', 'Daffa', 'Laki-laki', NULL, NULL, 'Kelas 5'),
(87, NULL, 'Senandung Nada Jelita Zulfano', 'Nada', 'Perempuan', NULL, NULL, 'Kelas 5'),
(88, NULL, 'Thofa Putra Tosyah', 'Thofa', 'Laki-laki', NULL, NULL, 'Kelas 5'),
(89, NULL, 'Thofa Putra Tosyah', 'Thoha', 'Laki-laki', NULL, NULL, 'Kelas 5'),
(90, NULL, 'Valdino Alghaffar Detonapa', 'Dino', 'Laki-laki', NULL, NULL, 'Kelas 5'),
(91, NULL, 'Alia Rahmah', NULL, 'Perempuan', NULL, NULL, 'Kelas 2'),
(92, NULL, 'Alvaro Zeroun Firdausy', NULL, 'Laki-laki', NULL, NULL, 'Kelas 2'),
(93, NULL, 'Amiruddin Aziz', NULL, 'Laki-laki', NULL, NULL, 'Kelas 2'),
(94, NULL, 'Arka Lanu Pradipta', NULL, 'Laki-laki', NULL, NULL, 'Kelas 2'),
(95, NULL, 'Azia Flora Anindita', NULL, 'Laki-laki', NULL, NULL, 'Kelas 2'),
(96, NULL, 'Bramasta Raditya Arafa', NULL, 'Laki-laki', NULL, NULL, 'Kelas 2'),
(97, NULL, 'Calysta Azalia Nuraisha', NULL, 'Perempuan', NULL, NULL, 'Kelas 2'),
(98, NULL, 'Firmansyah', NULL, 'Laki-laki', NULL, NULL, 'Kelas 2'),
(99, NULL, 'Febrian Nur Gahral', NULL, 'Laki-laki', NULL, NULL, 'Kelas 2'),
(100, NULL, 'Fuad Nur Hafiz', NULL, 'Laki-laki', NULL, NULL, 'Kelas 2'),
(101, NULL, 'Jeniva Putri Maharani', NULL, 'Perempuan', NULL, NULL, 'Kelas 2'),
(102, NULL, 'Leandra Nova Widyaska', NULL, 'Perempuan', NULL, NULL, 'Kelas 2'),
(103, NULL, 'Luthfie Sakhi Zaidan', NULL, 'Laki-laki', NULL, NULL, 'Kelas 2'),
(104, NULL, 'Mikeyla Pristiara', NULL, 'Perempuan', NULL, NULL, 'Kelas 2'),
(105, NULL, 'Natasya Nur Aini', NULL, 'Perempuan', NULL, NULL, 'Kelas 2'),
(106, NULL, 'Oliavia Putri Anggraini', NULL, 'Perempuan', NULL, NULL, 'Kelas 2'),
(107, NULL, 'Rachma Cahya Nalendra', NULL, 'Perempuan', NULL, NULL, 'Kelas 2'),
(108, NULL, 'Fayza Alya Aninda Putri', NULL, 'Perempuan', NULL, NULL, 'Kelas 2'),
(109, NULL, 'Adin Rahmad Hidayat', NULL, 'Laki-laki', NULL, NULL, 'Kelas 6'),
(110, NULL, 'Angelina Puspitasari', NULL, 'Perempuan', NULL, NULL, 'Kelas 6'),
(111, NULL, 'Arjuno Raivan Haryo Pradipta', NULL, 'Laki-laki', NULL, NULL, 'Kelas 6'),
(112, NULL, 'Brian Wisnu Pradana', NULL, 'Laki-laki', NULL, NULL, 'Kelas 6'),
(113, NULL, 'Dwi Safina Rahmawati', NULL, 'Perempuan', NULL, NULL, 'Kelas 6'),
(114, NULL, 'Fahmi Firamsyah', NULL, 'Laki-laki', NULL, NULL, 'Kelas 6'),
(115, NULL, 'Firmansyah Putra Rahmadani', NULL, 'Laki-laki', NULL, NULL, 'Kelas 6'),
(116, NULL, 'Kesya Olivia Ayuningtyas', NULL, 'Perempuan', NULL, NULL, 'Kelas 6'),
(117, NULL, 'Khrisna Raihan Deva Putranto', NULL, 'Laki-laki', NULL, NULL, 'Kelas 6'),
(118, NULL, 'Lofanee Ladycha Puspaningrum', NULL, 'Perempuan', NULL, NULL, 'Kelas 6'),
(119, NULL, 'Muhammad Rafa Praditya', NULL, 'Laki-laki', NULL, NULL, 'Kelas 6'),
(120, NULL, 'Nabila Dhiya Jauza', NULL, 'Perempuan', NULL, NULL, 'Kelas 6'),
(121, NULL, 'Nayla Ramadhina Putri Wibowo', NULL, 'Perempuan', NULL, NULL, 'Kelas 6'),
(122, NULL, 'Raffi Esa Maulana', NULL, 'Laki-laki', NULL, NULL, 'Kelas 6'),
(123, NULL, 'Ravinza Alief Keynanda Styawan', NULL, 'Laki-laki', NULL, NULL, 'Kelas 6'),
(124, NULL, 'Rico Brimantara', NULL, 'Laki-laki', NULL, NULL, 'Kelas 6'),
(125, NULL, 'Rizky Aditya Eka Syaputra', NULL, 'Laki-laki', NULL, NULL, 'Kelas 6'),
(126, NULL, 'Samuel Putra Tabarus', NULL, 'Laki-laki', NULL, NULL, 'Kelas 6'),
(127, NULL, 'Selfi Julia Permatasari', NULL, 'Perempuan', NULL, NULL, 'Kelas 6'),
(128, NULL, 'Tania Aisya Oktaviani', NULL, 'Perempuan', NULL, NULL, 'Kelas 6'),
(129, NULL, 'Nabila Anastasya Putri Cahyati', NULL, 'Perempuan', NULL, NULL, 'Kelas 6'),
(130, NULL, 'Angellie Catania Costa', NULL, 'Perempuan', NULL, NULL, 'Kelas 6'),
(131, NULL, 'Raditya Bintang Pamungkas', NULL, 'Laki-laki', NULL, '', 'Kelas 3'),
(132, NULL, 'Riana Rahma Tussaniyah', NULL, 'Laki-laki', NULL, '', 'Kelas 3'),
(133, NULL, 'Sufi Ahmad Nur Zaki', NULL, 'Laki-laki', NULL, '', 'Kelas 3'),
(134, NULL, 'Wildan Adito Banuri Widodo', NULL, 'Laki-laki', NULL, '', 'Kelas 3'),
(135, NULL, 'Yoga Anas Arief Prasetya', NULL, 'Laki-laki', NULL, '', 'Kelas 3'),
(137, NULL, 'Alha Alif Saifulloh', NULL, 'Laki-laki', NULL, '', 'Kelas 4'),
(138, NULL, 'Tiara Nadhifa Salsabila', NULL, 'Laki-laki', NULL, '', 'Kelas 2');

-- --------------------------------------------------------

--
-- Table structure for table `tb_user`
--

CREATE TABLE `tb_user` (
  `id_user` int(2) NOT NULL,
  `nama_user` varchar(40) NOT NULL,
  `username` varchar(10) NOT NULL,
  `password` varchar(80) NOT NULL
) ENGINE=InnoDB DEFAULT CHARSET=latin1;

--
-- Dumping data for table `tb_user`
--

INSERT INTO `tb_user` (`id_user`, `nama_user`, `username`, `password`) VALUES
(1, 'Teknisi Bersarung', 'admin', 'd033e22ae348aeb5660fc2140aec35850c4da997'),
(2, 'guru', 'guru', '$2a$12$dcvY8OIHgm4kzN.W4aad6.i8yUxEINGSpv1XEXVeEvsFJAwcsYUw.');

--
-- Indexes for dumped tables
--

--
-- Indexes for table `alternatif`
--
ALTER TABLE `alternatif`
  ADD PRIMARY KEY (`id_siswa`,`id_kriteria`),
  ADD KEY `id_kriteria` (`id_kriteria`);

--
-- Indexes for table `kriteria`
--
ALTER TABLE `kriteria`
  ADD PRIMARY KEY (`id`);

--
-- Indexes for table `siswa`
--
ALTER TABLE `siswa`
  ADD PRIMARY KEY (`id`);

--
-- Indexes for table `tb_user`
--
ALTER TABLE `tb_user`
  ADD PRIMARY KEY (`id_user`);

--
-- AUTO_INCREMENT for dumped tables
--

--
-- AUTO_INCREMENT for table `siswa`
--
ALTER TABLE `siswa`
  MODIFY `id` int(11) NOT NULL AUTO_INCREMENT, AUTO_INCREMENT=139;

--
-- AUTO_INCREMENT for table `tb_user`
--
ALTER TABLE `tb_user`
  MODIFY `id_user` int(2) NOT NULL AUTO_INCREMENT, AUTO_INCREMENT=3;

--
-- Constraints for dumped tables
--

--
-- Constraints for table `alternatif`
--
ALTER TABLE `alternatif`
  ADD CONSTRAINT `id_kriteria` FOREIGN KEY (`id_kriteria`) REFERENCES `kriteria` (`id`);
COMMIT;

/*!40101 SET CHARACTER_SET_CLIENT=@OLD_CHARACTER_SET_CLIENT */;
/*!40101 SET CHARACTER_SET_RESULTS=@OLD_CHARACTER_SET_RESULTS */;
/*!40101 SET COLLATION_CONNECTION=@OLD_COLLATION_CONNECTION */;
